place,title,time,pay,date
강원 강릉시,세븐일레븐 강릉상아점,23:00~07:00,"시급8,720",1분전
경남 창원시,창원꿈에그린점,16:30~17:30,"시급8,720",1분전
경기 화성시,세븐일레븐 화성마도중앙점,08:00~17:00,"시급8,720",3분전
서울 강남구,세븐일레븐 수서역사5호점,12:00~16:00,"시급8,720",3분전
서울 마포구,세븐일레븐 홍대7번출구점,22:00~08:00,"시급8,720",4분전
서울 전체,세븐일레븐 수서역사1호점,15:00~23:00,"시급8,720",5분전
서울 마포구,세븐일레븐 홍대7번출구점,22:00~08:00,"시급8,720",5분전
충북 청주시,세븐일레븐 청주우암세원점,24:00~07:00,"시급8,720",6분전
서울 도봉구,세븐일레븐 창동아이파크,16:30~21:30,"시급8,720",6분전
대전 전체,세븐일레븐 대전갈마로점,22:00~08:00,"시급8,720",7분전
대전 서구,세븐일레븐 대전경남점,22:00~08:00,"시급8,720",7분전
대전 전체,세븐일레븐 대전갈마로점,22:00~08:00,"시급8,720",7분전
경기 광주시,세븐일레븐 경기광주신현로점,15:00~09:30,"시급8,720",9분전
충남 아산시,세븐일레븐 아산배방타운점,24:00~00:00,"시급8,720",9분전
충남 서산시,세븐일레븐 서산효행길점,05:30~09:30,"시급8,720",10분전
대구 수성구,세븐일레븐 대구메트로팔레스점,22:30~07:30,"시급8,720",12분전
경기 평택시,세븐일레븐 평택고덕점,10:00~14:00,"시급8,720",12분전
경기 수원시,세븐일레븐 수원로데오점,00:00~10:00,"시급8,720",12분전
경기 수원시,세븐일레븐 수원세류3점,13:00~19:00,"시급8,720",13분전
경기 용인시,세븐일레븐 용인양지제일점,19:00~00:00,"시급8,720",14분전
경기 의정부,세븐일레븐 의정부푸르지오점,19:00~23:00,"시급8,720",14분전
충북 청주시,세븐일레븐 청주산남로점,08:00~15:00,"시급8,720",15분전
인천 서구,세븐일레븐 인천경서중앙점,23:00~07:00,"시급8,720",16분전
경기 안성시,세븐일레븐 공도우미린점,00:00~24:00,"시급8,720",17분전
서울 중랑구,세븐일레븐 묵동자이점,시간협의,"시급8,720",17분전
부산 동구,세븐일레븐 부산베스트인호텔점,08:00~14:00,"시급8,720",17분전
인천 미추홀,세븐일레븐 문학타운점,19:00~24:00,"시급8,720",17분전
경북 경산시,경산시청센터점,16:00~23:00,"시급8,720",18분전
경북 경산시,경산시청센터점,16:00~23:00,"시급8,720",18분전
인천 미추홀,세븐일레븐 문학타운점,24:00~07:00,"시급8,720",21분전
경기 용인시,세븐일레븐 수원영통자이점,15:00~22:00,"시급8,720",24분전
경기 오산시,세븐일레븐 오산원동점,24:00~07:00,"시급8,720",25분전
대구 남구,세븐일레븐 대구영선타운점,16:00~01:00,"시급8,720",25분전
경기 평택시,세븐일레븐 평택고덕점,04:00~10:00,"시급8,720",25분전
경기 평택시,세븐일레븐 평택소사푸르지오점,17:00~24:00,"시급8,720",25분전
경기 오산시,세븐일레븐 오산원동점,24:00~07:00,"시급8,720",26분전
경기 용인시,세븐일레븐 기흥상갈점,15:00~22:00,"시급8,720",27분전
울산 동구,세븐일레븐 울산전하사랑점,시간협의,"시급8,720",28분전
충남 태안군,세븐일레븐 태안청포대점,시간협의,"시급9,000",28분전
충남 태안군,세븐일레븐 태안청포대점,17:00~12:00,"시급9,000",28분전
경북 구미시,세븐일레븐 구미선산교리점,06:00~10:00,"시급8,720",29분전
대전 대덕구,세븐일레븐 대전석봉원룸점,17:00~24:00,"시급8,720",29분전
부산 부산진,세븐일레븐 부산서면점,16:00~22:00,"시급8,720",29분전
전북 완주군,세븐일레븐 완주봉동센터점,19:00~24:00,"시급8,720",30분전
충남 천안시,세븐일레븐 천안두정드림점,10:00~20:00,"시급8,720",33분전
서울 은평구,세븐일레븐 연신내점,00:00~07:00,"시급8,720",33분전
부산 부산진,세븐일레븐 부산범천태명점,23:00~09:00,"시급8,720",36분전
경기 평택시,세븐일레븐 평택청북부영점,22:00~09:00,"시급8,720",36분전
서울 마포구,세븐일레븐 합정2호점,23:00~07:00,"시급8,720",36분전
경북 칠곡군,세븐일레븐 대구약목대로점,06:00~15:00,"시급8,720",37분전
